{
  "52.229,21.012|walking": 0.08,
  "52.231,21.009|walking": 0.26,
  "52.225,21.015|walking": 0.56,
  "52.2345,20.99023|walking": 2.48,
  "52.22933,21.01258|walking": 1.49,
  "52.23572,21.01264|walking": 1.0,
  "52.22893,21.00027|walking": 2.12,
  "52.19006,20.98161|walking": 6.32,
  "52.24223,21.01588|walking": 0.7,
  "52.21482,20.96839|walking": 4.8,
  "52.23396,21.01456|walking": 1.01,
  "52.22582,20.98888|walking": 2.96,
  "52.22926,21.011|walking": 1.56,
  "52.24474,21.01374|walking": 0.95,
  "52.22974,20.98422|walking": 3.04,
  "52.26999,21.0166|walking": 3.38,
  "52.24963,21.01251|walking": 1.38,
  "52.15516,21.07025|walking": 9.93,
  "52.21495,21.0424|walking": 3.02,
  "52.17906,20.94631|walking": 8.67,
  "52.15136,21.00637|walking": 9.95,
  "52.23405,21.01586|walking": 0.94,
  "52.18628,20.95393|walking": 7.72,
  "52.23317,21.11979|walking": 6.47,
  "52.19274,21.01076|walking": 5.36,
  "52.25185,21.06498|walking": 2.99,
  "52.27854,21.06913|walking": 5.2,
  "52.18115,20.94866|walking": 8.39,
  "52.16061,21.17211|walking": 13.34,
  "52.17109,20.92441|walking": 10.31,
  "52.2266,21.04196|walking": 1.87,
  "52.22584,20.98885|walking": 2.96,
  "52.23763,21.03278|walking": 0.57,
  "52.22732,21.01112|walking": 1.73,
  "52.22835,21.00654|walking": 1.84,
  "52.22938,21.01016|walking": 1.58,
  "52.22861,21.01091|walking": 1.62,
  "52.2277,21.00666|walking": 1.88,
  "52.22884,21.013|walking": 1.51,
  "52.22837,21.00929|walking": 1.71,
  "52.23038,21.01034|walking": 1.49,
  "52.22311,21.0091|walking": 2.19,
  "52.23566,21.00508|walking": 1.48,
  "52.22313,21.00815|walking": 2.23,
  "52.1891,21.0508|walking": 5.93,
  "52.22755,21.01836|walking": 1.48,
  "52.23566,21.00896|walking": 1.23,
  "52.24328,21.01869|walking": 0.58,
  "52.2472,21.0497|walking": 1.83,
  "52.1969,20.9633|walking": 6.41,
  "52.2479,20.9836|walking": 2.98,
  "52.1376,21.012|walking": 11.43,
  "52.17454,21.04856|walking": 7.46,
  "52.17454,21.04918|walking": 7.47,
  "52.24955,21.13315|walking": 7.4,
  "52.1922,20.9639|walking": 6.78
}